,Epochs,Val_loss,Train_loss,Lr,time
0,0,0.2642872074375982,0.31950178246900257,0.001,4.246894598007202
1,1,0.26452028103496716,0.27974532699010457,0.0009999975326009292,5.3086137771606445
2,2,0.2630299783271292,0.27867605161954123,0.0009999901304280686,6.319246053695679
3,3,0.2625411113967066,0.2781371257391321,0.000999977793554475,7.329071283340454
4,4,0.2619585524434629,0.27773832966046164,0.0009999605221019082,8.337125301361084
5,5,0.2613780032033506,0.2772480461252741,0.0009999383162408303,9.343033790588379
6,6,0.26052547796912817,0.27648332628859096,0.0009999111761904045,10.351997375488281
7,7,0.259386640527974,0.2751774532249175,0.000999879102218492,11.357121706008911
8,8,0.25882287776988483,0.2734650198235569,0.00099984209464165,12.363356113433838
9,9,0.25771629745545593,0.27171576662235947,0.0009998001538251283,13.367494344711304
10,10,0.25598552434340766,0.2696528058454215,0.0009997532801828658,14.380686521530151
11,11,0.25136072285797284,0.26581420280847207,0.0009997014741774865,15.426420211791992
12,12,0.23064275474652,0.2545312305889934,0.0009996447363202947,16.42787528038025
13,13,0.22631145625010782,0.23902423241770412,0.00099958306717127,17.43014407157898
14,14,0.21093791982401972,0.22618952070374088,0.0009995164673390624,18.43496537208557
15,15,0.2051051615372948,0.21886828703334532,0.0009994449374809851,19.44942283630371
16,16,0.20169495110926422,0.21349700455924114,0.0009993684783030088,20.503607749938965
17,17,0.1995457067437794,0.21010365277887827,0.000999287090559755,21.51239252090454
18,18,0.19773760373177734,0.20692059584410794,0.0009992007750544876,22.519771575927734
19,19,0.1918518841266632,0.20344847192965357,0.000999109532639106,23.53910231590271
20,20,0.1878823028958362,0.19916889979896776,0.0009990133642141358,24.565754890441895
21,21,0.18378708867923074,0.1957682834691312,0.0009989122707287207,25.60132122039795
22,22,0.18153847818789276,0.19344863130385617,0.0009988062531806126,26.60790729522705
23,23,0.17999590738959934,0.1902960003499525,0.0009986953126161619,27.616691827774048
24,24,0.17814636165681091,0.18746677216995195,0.000998579450130307,28.62579083442688
25,25,0.18047781612562097,0.1858937241944922,0.000998458666866564,29.654329776763916
26,26,0.17641610684602158,0.1849131416484534,0.0009983329640170149,30.704152584075928
27,27,0.1716916710138321,0.1829244600003024,0.000998202342822296,31.711668252944946
28,28,0.17059324033882306,0.18120658979358442,0.0009980668045715864,32.72241258621216
29,29,0.1694502856420434,0.17911727274038705,0.0009979263506025929,33.73141837120056
30,30,0.1671047612376835,0.17802389493907791,0.00099778098230154,34.76138758659363
31,31,0.1664263094248979,0.17620514986744845,0.0009976307011031543,35.82846736907959
32,32,0.16452962095322815,0.17540337931678956,0.0009974755084906502,36.83942794799805
33,33,0.16360680758953094,0.17422636302120714,0.0009973154059957161,37.847182750701904
34,34,0.16245719855246338,0.17336504606597394,0.0009971503951984994,38.85683751106262
35,35,0.16155622381231058,0.1725865252405764,0.0009969804777275899,39.867246866226196
36,36,0.16082623471384463,0.17182957486933972,0.0009968056552600042,40.885292291641235
37,37,0.16033907688182333,0.17133857417537504,0.0009966259295211698,41.8904345035553
38,38,0.1610108626925427,0.17137912630316723,0.0009964413022849068,42.897207260131836
39,39,0.16390909448913907,0.171975586105542,0.000996251775373412,43.91096806526184
40,40,0.1602767738311187,0.16949123880231237,0.000996057350657239,44.92215061187744
41,41,0.15903010899605957,0.16774378440466273,0.0009958580300552815,46.0002920627594
42,42,0.1581718772649765,0.1675690236220877,0.0009956538155347532,47.02365517616272
43,43,0.15776158480540567,0.1674877279494182,0.0009954447091111694,48.04451036453247
44,44,0.15747886896133423,0.16684931057045257,0.0009952307128483257,49.06756138801575
45,45,0.1567266531612562,0.16603331221155374,0.0009950118288582787,50.08746385574341
46,46,0.15580381647400235,0.16537824711167667,0.0009947880593013255,51.11038899421692
47,47,0.1549960556237594,0.16488192846258,0.0009945594063859808,52.1325740814209
48,48,0.15437932377276214,0.1643966495272625,0.000994325872368957,53.15503120422363
49,49,0.15390063887057098,0.1639615022633449,0.0009940874595551403,54.1763482093811
50,50,0.15349008531674094,0.16362790350454398,0.0009938441702975688,55.20464849472046
51,51,0.15306355383085168,0.16342612680900528,0.0009935960069974096,56.28548049926758
52,52,0.15263069194296133,0.16334872457636407,0.000993342972103934,57.30336046218872
53,53,0.15231805715871893,0.16264397968728858,0.0009930850681144944,58.31643223762512
54,54,0.15209924850774847,0.16228251029928045,0.000992822297574499,59.32680583000183
55,55,0.15178327197613922,0.16200226760772338,0.000992554663077387,60.370885133743286
56,56,0.15136570839778238,0.16184986725629094,0.0009922821672646027,61.41215991973877
57,57,0.15100619520830072,0.1613762398441154,0.0009920048128255698,62.42302918434143
58,58,0.15071210070796634,0.16072035510855984,0.0009917226024976648,63.43086290359497
59,59,0.15038489777108896,0.16057624874344792,0.0009914355390661896,64.44273591041565
60,60,0.14997991660366888,0.1604166412928018,0.0009911436253643444,65.46936845779419
61,61,0.14961569011211395,0.15967180696596583,0.0009908468642731995,66.52084255218506
62,62,0.14931568632955136,0.15913049855146064,0.000990545258721667,67.53362798690796
63,63,0.1488660509171693,0.15894126744873552,0.0009902388116864722,68.54349040985107
64,64,0.14841715797134067,0.15848488965666438,0.0009899275261921235,69.55577063560486
65,65,0.14799575572428497,0.15788008818425328,0.000989611405310883,70.5997986793518
66,66,0.14750621305859607,0.15744892570627742,0.000989290452162736,71.66114950180054
67,67,0.1469540686711021,0.15698454681649265,0.000988964669915361,72.67097449302673
68,68,0.14635768467965332,0.15637287055871574,0.0009886340617840967,73.67102861404419
69,69,0.145636269579763,0.15566354541175337,0.0009882986310319124,74.67579483985901
70,70,0.14479825224565424,0.1547948072832751,0.0009879583809693738,75.68996834754944
71,71,0.14376214211401733,0.15430471961756786,0.0009876133149546117,76.7428867816925
72,72,0.14233975112438202,0.15298268012253635,0.0009872634363932886,77.75818967819214
73,73,0.14029816246551016,0.1510856838829546,0.0009869087487385643,78.76041769981384
74,74,0.13760213165179544,0.14928670389106474,0.0009865492554910634,79.76105165481567
75,75,0.13500597878642703,0.1462117698537298,0.0009861849601988384,80.76376724243164
76,76,0.13130818501762723,0.1412461932165077,0.000985815866457337,81.7667486667633
77,77,0.12823239551938098,0.1358993885028793,0.0009854419779093656,82.76895833015442
78,78,0.1263980956181236,0.13248154808239765,0.000985063298245053,83.78667116165161
79,79,0.12831893174544626,0.12813808566116425,0.0009846798312018146,84.79267048835754
80,80,0.11788391062746877,0.12600214574710433,0.0009842915805643156,85.79304003715515
81,81,0.11429783215989238,0.11876447818365442,0.0009838985501644327,86.83896279335022
82,82,0.10969856834929922,0.1154133304774043,0.0009835007438812175,87.84126043319702
83,83,0.10735963900452075,0.11299731458526059,0.0009830981656408573,88.84011626243591
84,84,0.10555209478606349,0.11025847681315548,0.000982690819416637,89.83909630775452
85,85,0.10429659226666325,0.1082354755825307,0.000982278709228899,90.83526802062988
86,86,0.10347357068372809,0.10701967310833643,0.0009818618391450049,91.84490942955017
87,87,0.10211795341709386,0.10557598153869789,0.0009814402132792938,92.84053111076355
88,88,0.10108370269122331,0.1037533588617681,0.0009810138357930428,93.83772134780884
89,89,0.10023673494224963,0.1030061576021723,0.000980582710894426,94.83036971092224
90,90,0.09940997770299083,0.10200843469924237,0.0009801468428384716,95.82689046859741
91,91,0.09848333474086679,0.10095489355454962,0.0009797062359270215,96.8251166343689
92,92,0.09777100092690924,0.09983135585684375,0.0009792608945086879,97.82384252548218
93,93,0.09703074492838072,0.09900875558336097,0.000978810822978811,98.82122755050659
94,94,0.09632991610661797,0.09809211553579353,0.0009783560257794154,99.81751227378845
95,95,0.09564259745504546,0.0974075261727873,0.000977896507399165,100.82370233535767
96,96,0.09498963310666707,0.09665748922221631,0.0009774322723733215,101.8300154209137
97,97,0.09437682673982951,0.09597453972302288,0.0009769633252836969,102.84035611152649
98,98,0.0937564039359922,0.09539125457585576,0.0009764896707586096,103.8339695930481
99,99,0.09317380287077116,0.09473180199962064,0.0009760113134728383,104.8281831741333
100,100,0.09258385456126669,0.0941725816712322,0.0009755282581475768,105.82678174972534
101,101,0.09199658327776453,0.09362540462289948,0.0009750405095503858,106.9018304347992
102,102,0.09141377553991649,0.09305224899786065,0.0009745480724951474,107.92729568481445
103,103,0.09083422888880191,0.09256437524973628,0.000974050951842016,108.94874835014343
104,104,0.09022312546553819,0.09207110327769474,0.000973549152497372,109.9652967453003
105,105,0.08972213773623756,0.0914984689419528,0.0009730426794137727,110.9792263507843
106,106,0.08917822429667348,0.09117678877819016,0.0009725315375899024,111.99486756324768
107,107,0.08863026810728986,0.09065107114343758,0.000972015732070525,113.01271200180054
108,108,0.08814811738936798,0.08996943594461464,0.0009714952679464322,114.03661394119263
109,109,0.08779037452262381,0.08950306737279318,0.0009709701503543953,115.05445909500122
110,110,0.08729467476191728,0.08923356647951057,0.0009704403844771128,116.07106113433838
111,111,0.0868578750802123,0.08885424918079951,0.0009699059755431599,117.08721113204956
112,112,0.086369047994199,0.08827749445854899,0.0009693669288269371,118.11736273765564
113,113,0.08605432639951291,0.08777060575154891,0.0009688232496486178,119.13863492012024
114,114,0.08569167198046394,0.08739571975297239,0.0009682749433740963,120.15775847434998
115,115,0.08533300038265146,0.08713933439498925,0.0009677220154149337,121.17470717430115
116,116,0.08496569485768028,0.0868278716342995,0.0009671644712283061,122.187326669693
117,117,0.0845735257734423,0.08643140866454825,0.0009666023163169493,123.20212316513062
118,118,0.08421127595331358,0.08610389277518514,0.0009660355562291055,124.24400091171265
119,119,0.08388762564762779,0.08575821870780853,0.0009654641965584678,125.23999357223511
120,120,0.08361291917769806,0.08543072868901563,0.0009648882429441257,126.23982286453247
121,121,0.08329150890526564,0.08515249952135316,0.0009643077010705087,127.23694849014282
122,122,0.08300027413212735,0.08488465294421438,0.0009637225766673306,128.31733918190002
123,123,0.0827439735117166,0.08455952953502356,0.0009631328755095334,129.31791949272156
124,124,0.08236603924761647,0.08428730386567403,0.000962538603417229,130.321120262146
125,125,0.08223249018192291,0.08391538452671235,0.0009619397662556434,131.33168530464172
126,126,0.08210207489521607,0.08374553502324115,0.0009613363699350574,132.35771703720093
127,127,0.0815301216814829,0.08356721735144236,0.0009607284204107493,133.41184496879578
128,128,0.08157454690207606,0.08313870830349175,0.0009601159236829353,134.42999529838562
129,129,0.08100252015435178,0.08308323316545371,0.0009594988857967106,135.4428539276123
130,130,0.08045879557080891,0.08279094356729323,0.0009588773128419905,136.46060967445374
131,131,0.08043778137020442,0.0823892963219838,0.000958251210953449,137.50447511672974
132,132,0.08000707658736603,0.08228257874767464,0.0009576205863104588,138.54389071464539
133,133,0.07958917611319086,0.08200120985148901,0.0009569854451370306,139.5585207939148
134,134,0.07932286644759386,0.0817981272217739,0.0009563457937017515,140.57415008544922
135,135,0.07878795298545258,0.08186015231781696,0.0009557016383177226,141.58733773231506
136,136,0.07927101137845413,0.08182576129953545,0.0009550529853424979,142.61968731880188
137,137,0.08074622439301532,0.08159076959253794,0.0009543998411780201,143.70711469650269
138,138,0.08088285637938458,0.0811689039310777,0.0009537422122705585,144.725026845932
139,139,0.08061362997345302,0.08084750030055103,0.000953080105110645,145.74593019485474
140,140,0.0801927832805592,0.08054931068635848,0.0009524135262330098,146.7641875743866
141,141,0.07957645926786505,0.08016579314527741,0.0009517424822165175,147.8207230567932
142,142,0.07915461873230727,0.07960502374244023,0.0009510669796841014,148.86654686927795
143,143,0.07885958869820056,0.07913741318576308,0.0009503870253026991,149.88083744049072
144,144,0.0786629001731458,0.07878233853233865,0.0009497026257831855,150.90133786201477
145,145,0.07860179018715154,0.07859522373561399,0.0009490137878803078,151.9163782596588
146,146,0.07846422428670137,0.0785304448331695,0.000948320518392618,152.94137740135193
147,147,0.07797042636767677,0.07836641787764538,0.0009476228241624058,153.9718849658966
148,148,0.07755998068529626,0.0781212204012526,0.0009469207120756319,154.98989701271057
149,149,0.07710000159947769,0.07772605191153216,0.000946214189061859,156.008850812912
150,150,0.07716990748177403,0.07744236690811364,0.0009455032620941839,157.0253303050995
151,151,0.07695123747639034,0.07738704735256104,0.000944787938189169,158.05432295799255
152,152,0.07621408124332843,0.07711051250078592,0.0009440682244067723,159.13541865348816
153,153,0.07580147230106851,0.07676087499382984,0.0009433441278502784,160.15169763565063
154,154,0.07540018532587134,0.0764040478561298,0.0009426156556662276,161.16859412193298
155,155,0.0754006041780762,0.0761246379958578,0.0009418828150443468,162.1860830783844
156,156,0.07506742004467093,0.07594044637608241,0.0009411456132174767,163.20187783241272
157,157,0.074701145939205,0.07570733370551144,0.0009404040574615019,164.26335883140564
158,158,0.07451828731142957,0.07555304614894362,0.0009396581550952781,165.27904891967773
159,159,0.07422765992257906,0.07536706856216292,0.0009389079134805609,166.2959325313568
160,160,0.07407965284326802,0.07522428308624819,0.0009381533400219318,167.31536507606506
161,161,0.07393119225035542,0.07507074866668288,0.0009373944421667264,168.3570635318756
162,162,0.07385378719671913,0.07495883584740651,0.0009366312274049601,169.431866645813
163,163,0.07349814312613528,0.07483735892427973,0.0009358637032692546,170.4689600467682
164,164,0.07309948588195055,0.0746159025344504,0.0009350918773347629,171.5053632259369
165,165,0.07271955972132475,0.07431652585426009,0.0009343157572190957,172.54225182533264
166,166,0.07251511514186859,0.07415366849626404,0.0009335353505822451,173.62643909454346
167,167,0.07230740623629611,0.07401402948132481,0.0009327506651265095,174.68588089942932
168,168,0.072101470892844,0.0738820298428995,0.0009319617085964176,175.720397233963
169,169,0.07190403374640839,0.07376543407339647,0.000931168488778652,176.75920987129211
170,170,0.0718456506729126,0.07367902714085867,0.0009303710135019718,177.79476594924927
171,171,0.07163068976091302,0.07360644254339746,0.0009295692906371362,178.87775540351868
172,172,0.07142302296731783,0.07341965532087417,0.0009287633280968262,179.93552112579346
173,173,0.07124697255051654,0.07335173880838486,0.0009279531338355666,180.9625267982483
174,174,0.07094069149183191,0.0731711742389633,0.0009271387158496476,181.99109435081482
175,175,0.0706495995754781,0.07290583863315812,0.0009263200821770461,183.01822066307068
176,176,0.07047868617202925,0.07277825237756752,0.000925497240897346,184.04380536079407
177,177,0.07025088855753774,0.07259374700755958,0.0009246702001316583,185.0732228755951
178,178,0.07004156190416087,0.07245734298085592,0.0009238389680425416,186.09544777870178
179,179,0.06997174542883168,0.07237397852432297,0.0009230035528339212,187.12051844596863
180,180,0.06977428463490112,0.07225913974535034,0.0009221639627510075,188.15836381912231
181,181,0.06960721216771913,0.07212565329419561,0.0009213202060802161,189.18754720687866
182,182,0.06948618137318155,0.0720364097909755,0.0009204722911490846,190.26521682739258
183,183,0.06937594776568205,0.07195619156202639,0.0009196202263261908,191.29258728027344
184,184,0.0692573769584946,0.07188663741192186,0.0009187640200210709,192.32052516937256
185,185,0.06903909341148708,0.07176824431103396,0.0009179036806841352,193.34956884384155
186,186,0.06887999760067981,0.07162018071815192,0.0009170392168065856,194.4081883430481
187,187,0.06872181173252023,0.0714820559663945,0.0009161706369203318,195.45503664016724
188,188,0.0685867226642111,0.07135326453002103,0.0009152979495979063,196.4859972000122
189,189,0.06843667121037193,0.07124688711511083,0.0009144211634523809,197.51368522644043
190,190,0.06828494110833043,0.0711362622947578,0.0009135402871372809,198.5443820953369
191,191,0.06815476877533871,0.07105091086712229,0.0009126553293464999,199.59857368469238
192,192,0.06797722467909688,0.0709823512169252,0.0009117662988142137,200.64028334617615
193,193,0.0680168131771295,0.07094471901655197,0.0009108732043147951,201.67112970352173
194,194,0.06793636666691821,0.07083098689116628,0.0009099760546627262,202.70040488243103
195,195,0.067805176195891,0.07068843746400741,0.0009090748587125117,203.7385814189911
196,196,0.06789428028075592,0.0706065130700548,0.0009081696253585921,204.8116011619568
197,197,0.06763597836960918,0.07044401493776276,0.0009072603635352548,205.88603925704956
198,198,0.06746841222047806,0.07028631472803024,0.0009063470822165469,206.92412495613098
199,199,0.06731973556072815,0.07018525451421738,0.0009054297904161867,207.96196341514587
200,200,0.06728836246158766,0.07013148024498699,0.0009045084971874737,209.0015742778778
201,201,0.06723687149908232,0.07003886857664729,0.0009035832116232001,210.14822506904602
202,202,0.06712095633797023,0.06995066835219602,0.0009026539428555609,211.2530176639557
203,203,0.06687130584664967,0.0698444346167955,0.0009017207000560639,212.25931596755981
204,204,0.06684337459180666,0.06982514339398188,0.0009007834924354383,213.27115082740784
205,205,0.06678578905437303,0.06975066453577525,0.0008998423292435454,214.2799482345581
206,206,0.06669753692720247,0.06970908674130957,0.0008988972197692855,215.2876682281494
207,207,0.0667182845265969,0.0696380618106888,0.0008979481733405079,216.30462551116943
208,208,0.0667386984695559,0.069509873637952,0.0008969951993239175,217.3145604133606
209,209,0.06665852212387582,0.06938723634524517,0.0008960383071249836,218.32558965682983
210,210,0.06638234594593877,0.069226659493274,0.0008950775061878451,219.3345410823822
211,211,0.06645773577949275,0.06915315517100944,0.00089411280599522,220.35213232040405
212,212,0.06638638027336287,0.06902359844331282,0.0008931442160683094,221.41003608703613
213,213,0.06619998877463133,0.06883485719382045,0.000892171745966705,222.4234437942505
214,214,0.0659563998165338,0.06873141010123564,0.000891195405288294,223.43657231330872
215,215,0.06593797777010046,0.06864337323300809,0.0008902152036691648,224.44785332679749
216,216,0.06599446872006291,0.06858857600803835,0.0008892311507835117,225.47727274894714
217,217,0.0659487422393716,0.06847644516502518,0.0008882432563435393,226.5253164768219
218,218,0.06583824267853862,0.06837858625923295,0.000887251530099367,227.54868578910828
219,219,0.0657674161636311,0.06827625190637197,0.0008862559818389322,228.57304787635803
220,220,0.06556676231000734,0.06815445329769548,0.0008852566213878945,229.58346724510193
221,221,0.06549582695183546,0.06809804640620588,0.0008842534586095384,230.62476110458374
222,222,0.0656401615427888,0.06811486820140517,0.0008832465034046749,231.66217684745789
223,223,0.06557864598605943,0.06795986036220229,0.0008822357657115458,232.67855715751648
224,224,0.06525281913902449,0.06779820480978632,0.000881221255505724,233.71586203575134
225,225,0.0651144155341646,0.06768635443176131,0.0008802029828000156,234.73168301582336
226,226,0.06514838111141454,0.06765130327408572,0.000879180957644361,235.76472067832947
227,227,0.06516275684470715,0.06760995845837765,0.000878155190125736,236.8175404071808
228,228,0.065016426793907,0.06753878259515188,0.000877125690368052,237.8328812122345
229,229,0.06504845036112744,0.06739442933754748,0.0008760924685320557,238.8477931022644
230,230,0.06476651423651239,0.06727980260389398,0.0008750555348152298,239.85818076133728
231,231,0.06476235130558843,0.0671623686889568,0.0008740148994516912,240.8695502281189
232,232,0.06466719864503197,0.06711799146899258,0.0008729705727120911,241.88347816467285
233,233,0.06456293457228204,0.0670392282396914,0.0008719225649035125,242.892493724823
234,234,0.06457375119561734,0.06699827401393868,0.0008708708863693697,243.92670607566833
235,235,0.06460950717977855,0.06689164067607328,0.0008698155474893048,244.93815207481384
236,236,0.064225597873978,0.06678836979420788,0.000868756558679087,245.95748615264893
237,237,0.0642529735746591,0.06671883919870997,0.000867693930390508,247.01662015914917
238,238,0.0645075767584469,0.0666378281202661,0.0008666276731112801,248.0193395614624
239,239,0.06386043746834216,0.06648935542767306,0.0008655577973649321,249.02722144126892
240,240,0.06386500791363094,0.06628634301294764,0.0008644843137107057,250.0299949645996
241,241,0.06386301860861156,0.06621980083635054,0.0008634072327434514,251.03173065185547
242,242,0.06371636397164801,0.06612842810082148,0.0008623265650935234,252.0496473312378
243,243,0.06339853354122328,0.06599706580121834,0.0008612423214266749,253.05670952796936
244,244,0.06356931607360425,0.06588682476655547,0.0008601545124439534,254.05595993995667
245,245,0.06335864507633707,0.06585318855492465,0.0008590631488815944,255.0587522983551
246,246,0.06311479016490605,0.06569210156259767,0.0008579682415109156,256.06149220466614
247,247,0.06286914193111917,0.06555528105741523,0.0008568698011382107,257.06914734840393
248,248,0.06282025413668674,0.06550215152372797,0.0008557678386046428,258.0700681209564
249,249,0.0629203862146191,0.06537140318787242,0.0008546623647861369,259.0691182613373
250,250,0.062415583302145416,0.06512630409504994,0.0008535533905932737,260.07423305511475
251,251,0.06183841986500699,0.06480438560247422,0.0008524409269711807,261.08016538619995
252,252,0.061557253741699715,0.06444722313478769,0.0008513249848994247,262.0945506095886
253,253,0.06115399382036665,0.06436626444379967,0.0008502055753919031,263.102064371109
254,254,0.06123575973122016,0.06424847548625555,0.0008490827094967363,264.12335991859436
255,255,0.06028384132229764,0.06418812849435461,0.0008479563982961571,265.12774777412415
256,256,0.06021400703036267,0.06372954565358449,0.0008468266529064025,266.1335027217865
257,257,0.05956712689088738,0.06365486370870865,0.0008456934844776032,267.15210485458374
258,258,0.05914226919412613,0.06317481886909669,0.0008445569041936742,268.15594696998596
259,259,0.05848033207914104,0.06279030847980316,0.0008434169232722042,269.1639964580536
260,260,0.058221777820068855,0.0622417613863945,0.0008422735529643444,270.1658365726471
261,261,0.05724892133603925,0.06203730181757226,0.0008411268045546982,271.2091398239136
262,262,0.05682776835949525,0.061247465660773125,0.0008399766893612095,272.27988600730896
263,263,0.05637954645182775,0.06063818321170577,0.0008388232187350512,273.30516362190247
264,264,0.055764551881862724,0.06010257021849414,0.0008376664040605122,274.3319845199585
265,265,0.05527340863709864,0.059448068131165335,0.0008365062567548867,275.3579661846161
266,266,0.05442608228844145,0.05878576314952,0.0008353427882683601,276.3981363773346
267,267,0.05449322740668836,0.05802088361906718,0.0008341760100838966,277.47577357292175
268,268,0.054035152754058006,0.05710576856172228,0.0008330059337171258,278.49136900901794
269,269,0.05361412481769272,0.05634491782949631,0.0008318325707162293,279.4995813369751
270,270,0.053776138664587685,0.05542521334915276,0.0008306559326618259,280.5115683078766
271,271,0.05334194101717161,0.05456217609076615,0.0008294760311668586,281.54838585853577
272,272,0.05249156316985255,0.05360461445637496,0.0008282928778764782,282.59566020965576
273,273,0.05374346171384272,0.052920417792825816,0.0008271064844679306,283.61985182762146
274,274,0.05303539092773977,0.051967345402542366,0.0008259168626504395,284.6510419845581
275,275,0.0529486162830954,0.05140850767493248,0.0008247240241650919,285.6720495223999
276,276,0.05188201788974845,0.05068743234298315,0.0008235279807847222,286.7301597595215
277,277,0.05215191209445829,0.05001445813889963,0.0008223287443137957,287.75409841537476
278,278,0.05161169819209887,0.04952661263116871,0.0008211263265882923,288.7548191547394
279,279,0.05106658634284268,0.049073504360325364,0.0008199207394755892,289.7530777454376
280,280,0.050802562223828354,0.04859840152672974,0.0008187119948743449,290.75471019744873
281,281,0.05037328276945197,0.048092346234493946,0.0008175001047143804,291.75380778312683
282,282,0.05003174993654956,0.047611618436962724,0.0008162850809565622,292.8032605648041
283,283,0.04961205889349398,0.047135464398257707,0.0008150669355926845,293.81078696250916
284,284,0.0492189204239327,0.0467001727367022,0.0008138456806453503,294.8067047595978
285,285,0.04880337271353473,0.0462797815720719,0.0008126213281678526,295.80867743492126
286,286,0.048428314859452454,0.04586399165262659,0.0008113938902440563,296.8137102127075
287,287,0.04801364194439805,0.04547769550278962,0.0008101633789882781,297.85347390174866
288,288,0.0476440545981345,0.045092152938785324,0.0008089298065451671,298.861971616745
289,289,0.04711928785495136,0.04472285435501351,0.0008076931850895858,299.8674397468567
290,290,0.04667722320427065,0.04436867681432919,0.0008064535268264883,300.8618733882904
291,291,0.046259141648593155,0.04401931142412036,0.0008052108439908013,301.8584659099579
292,292,0.04569471627473831,0.04370140619127147,0.0008039651488473028,302.85348629951477
293,293,0.04535207087578981,0.043366045567644645,0.0008027164536905007,303.84775376319885
294,294,0.04479748917662579,0.04302321983927704,0.0008014647708445125,304.84183073043823
295,295,0.04434408441833828,0.042780311181243647,0.000800210112662942,305.8375656604767
296,296,0.04411413666346799,0.04253578431994082,0.0007989524915287594,306.831417798996
297,297,0.04371455408956693,0.04224080474800374,0.0007976919198541774,307.8325686454773
298,298,0.0434041293742864,0.041990032477910263,0.0007964284100805297,308.8303904533386
299,299,0.04296036388563073,0.04172228909580104,0.0007951619746781473,309.8237774372101
300,300,0.04278051302484844,0.04148685182613063,0.0007938926261462366,310.82441544532776
301,301,0.04236885144010834,0.041244320490633146,0.0007926203770127552,311.8151607513428
302,302,0.04221663186731546,0.04114777780620449,0.0007913452398342881,312.87650966644287
303,303,0.04188506499580715,0.04091146741825414,0.0007900672271959247,313.87203645706177
304,304,0.04171520844101906,0.04079703674258956,0.0007887863517111338,314.8668701648712
305,305,0.04144926968476047,0.04063698482441615,0.0007875026260216394,315.86242294311523
306,306,0.0411984010235123,0.04050145115119865,0.0007862160627972954,316.8692412376404
307,307,0.04094727207785067,0.040428255902356415,0.0007849266747359619,317.8674693107605
308,308,0.040808913176474365,0.04040824498038694,0.0007836344745633784,318.86702275276184
309,309,0.04051457928574603,0.04030550311667373,0.0007823394750330386,319.86408042907715
310,310,0.040399601925974304,0.040345520597983554,0.0007810416889260653,320.85812306404114
311,311,0.04022354988948158,0.04040937166077545,0.0007797411290510835,321.85764479637146
312,312,0.03999546753323596,0.040409179220357576,0.000778437808244094,322.86095356941223
313,313,0.03999161558306735,0.0403961508658277,0.0007771317393683471,323.8677411079407
314,314,0.04040857825590217,0.04039368965180523,0.0007758229353142152,324.87536120414734
315,315,0.04069434430288232,0.040450945326003684,0.0007745114089990659,325.86887669563293
316,316,0.041369896706031715,0.04031205711415015,0.0007731971733671345,326.86378717422485
317,317,0.04105064791181813,0.04011929173426456,0.0007718802413893963,327.8526632785797
318,318,0.04089404140477595,0.03982403435441385,0.000770560626063438,328.8482129573822
319,319,0.04090734587415405,0.039698058268032875,0.0007692383404133301,329.8390293121338
320,320,0.040373878796463425,0.03957350170576429,0.0007679133974894983,330.8338031768799
321,321,0.040449269115924835,0.03931535532675594,0.0007665858103685944,331.82317185401917
322,322,0.040264136765314186,0.03927379638315683,0.0007652555921533671,332.815527677536
323,323,0.04048512778852297,0.03912715854414974,0.0007639227559725333,333.81875705718994
324,324,0.040049832962129425,0.038967127810759714,0.0007625873149806479,334.81194591522217
325,325,0.040022198596726295,0.03873421361288392,0.0007612492823579744,335.80255675315857
326,326,0.039843188841705734,0.03859593065747296,0.0007599086713103546,336.79712414741516
327,327,0.03979171116067016,0.0385186757308891,0.0007585654950690786,337.7882001399994
328,328,0.03974912169834842,0.03844609202211162,0.0007572197668907533,338.8033950328827
329,329,0.0396546008794204,0.0383793589760022,0.0007558715000571725,339.7983818054199
330,330,0.03953490195714909,0.038269182007355865,0.0007545207078751857,340.79561018943787
331,331,0.03935497869615969,0.03815122263797795,0.0007531674036765664,341.79758167266846
332,332,0.039271464814310486,0.03800821728914617,0.0007518116008178804,342.79001021385193
333,333,0.03906651764460232,0.03789629609469908,0.000750453312680355,343.86662769317627
334,334,0.03897453407230585,0.037769606538924826,0.0007490925526697454,344.86617255210876
335,335,0.03882714863056722,0.037672155736440636,0.0007477293342162038,345.86621856689453
336,336,0.038770787903796074,0.03758691658366876,0.0007463636707741458,346.9028663635254
337,337,0.038597311176683594,0.037537151135234946,0.0007449955758221184,347.92001152038574
338,338,0.03847894364077112,0.03749651863542666,0.0007436250628626662,348.95940256118774
339,339,0.038191022432368736,0.037510581408818085,0.0007422521454221991,349.953351020813
340,340,0.03798253639884617,0.03750792142138424,0.0007408768370508576,350.9510917663574
341,341,0.03779168054461479,0.03769880366702396,0.0007394991513223805,351.9470603466034
342,342,0.03819621168076992,0.03798699415771358,0.0007381191018339696,352.9455418586731
343,343,0.038243413052481155,0.03801113290779562,0.0007367367022061561,353.95856833457947
344,344,0.03988717059078424,0.038094464123967185,0.0007353519660826663,354.95164799690247
345,345,0.04003021129123543,0.03722705727510424,0.0007339649071302867,355.95134568214417
346,346,0.04264271243110947,0.03734419560396528,0.0007325755390387292,356.94669795036316
347,347,0.040865148458143936,0.0369825174650514,0.0007311838755204958,357.93691635131836
348,348,0.03317259154889895,0.03765465968165053,0.000729789930310744,358.939738035202
349,349,0.03279614902060965,0.03618878992835441,0.0007283937171671497,359.9389681816101
350,350,0.03278371432553167,0.0336733751358038,0.0007269952498697733,360.9339985847473
351,351,0.0322708356315675,0.033428740191711,0.0007255945422209225,361.92822217941284
352,352,0.03170518884840219,0.03330616155661732,0.0007241916080450163,362.9232120513916
353,353,0.031375418862570885,0.03315763333026903,0.0007227864611884481,363.93048119544983
354,354,0.030974199347521946,0.03303868188466652,0.0007213791155194507,364.92475986480713
355,355,0.030920812860131264,0.03296334653733725,0.0007199695849279576,365.9236524105072
356,356,0.030578519096193107,0.032832243073597014,0.0007185578833254665,366.9191391468048
357,357,0.0302547678027464,0.03266801396945873,0.0007171440246449024,367.91492533683777
358,358,0.02998606488108635,0.03250050365655537,0.0007157280228404795,368.9162166118622
359,359,0.02964139948396579,0.032428354743015336,0.0007143098918875642,369.9169692993164
360,360,0.02946438122054805,0.03228865790079875,0.0007128896457825364,370.91713976860046
361,361,0.029332112601917724,0.0322476246988917,0.0007114672985426518,371.9137473106384
362,362,0.02901132939302403,0.032219314355268536,0.0007100428642059032,372.9100658893585
363,363,0.028917811810970306,0.03204987818397671,0.0007086163568308827,373.908572435379
364,364,0.028869053753821747,0.03199219951428563,0.0007071877904966422,374.9054458141327
365,365,0.028495944631488426,0.031979886280844014,0.0007057571793025544,375.9073235988617
366,366,0.02862822450697422,0.03176060195967376,0.0007043245373681746,376.90496015548706
367,367,0.028268884381522304,0.03183305362710752,0.0007028898788331,377.90181970596313
368,368,0.028338465920608978,0.03154816153986626,0.0007014532178568313,378.900447845459
369,369,0.0279945802429448,0.03166707407189421,0.0007000145686186323,379.8964669704437
370,370,0.027982001314344612,0.03137791459729154,0.0006985739453173904,380.8952889442444
371,371,0.027854758436265198,0.031451397070504095,0.0006971313621714755,381.8882415294647
372,372,0.027729097996716915,0.0313108541250947,0.0006956868334186013,382.8823094367981
373,373,0.027656110003590584,0.03129510020904512,0.0006942403733156831,383.8941445350647
374,374,0.027658779417043148,0.031248488147036138,0.0006927919961386982,384.8942520618439
375,375,0.02753365436649841,0.031264691086239124,0.000691341716182545,385.89393162727356
376,376,0.027416423853972683,0.03115204927702266,0.0006898895477609006,386.89309072494507
377,377,0.027360302355626354,0.031078926060932228,0.0006884355052060813,387.8872492313385
378,378,0.027277401122062103,0.030997408289148147,0.0006869796028689002,388.88613057136536
379,379,0.027238613237505375,0.030915949237813434,0.0006855218551185256,389.889771938324
380,380,0.02716348376934943,0.03085181242730244,0.000684062276342339,390.88456678390503
381,381,0.027068083943880123,0.03080772441553782,0.000682600880945794,391.88108491897583
382,382,0.02699472836178282,0.030720515634460623,0.0006811376833522728,392.8780589103699
383,383,0.0269350482393866,0.03058898693556527,0.0006796726980029454,393.8742733001709
384,384,0.026854810831339462,0.030457037539187683,0.0006782059393566253,394.8744795322418
385,385,0.02682681001074936,0.030352842803281474,0.0006767374218896287,395.86446619033813
386,386,0.026792744498537933,0.03025730854596,0.0006752671600956295,396.8602728843689
387,387,0.026762531989294548,0.03017677321401705,0.0006737951684855184,397.8543336391449
388,388,0.02668714256066343,0.03012594977865018,0.0006723214615872586,398.8525354862213
389,389,0.026632509315791336,0.030051892192428372,0.0006708460539457417,399.84925413131714
390,390,0.026605004363733788,0.029983422393540304,0.0006693689601226458,400.8691096305847
391,391,0.026534827345091362,0.02991188014128122,0.0006678901946962903,401.86760544776917
392,392,0.026546823427728985,0.029781590316848582,0.0006664097722614933,402.86528301239014
393,393,0.02647775273932063,0.02977430867143424,0.0006649277074294264,403.9585452079773
394,394,0.026418512606102486,0.02966434958738735,0.0006634440148274714,404.98216366767883
395,395,0.026380953176513962,0.02961870502366359,0.0006619587090990747,406.0049538612366
396,396,0.026338861202416214,0.02954081344496773,0.0006604718049036047,407.02760100364685
397,397,0.0262276710861403,0.029509493026388698,0.0006589833169162057,408.04943680763245
398,398,0.026227733768198803,0.02944482032613582,0.0006574932598276524,409.0838301181793
399,399,0.026165304462546887,0.02939458013658064,0.0006560016483442076,410.1156015396118
400,400,0.02610690494918305,0.029368540465113627,0.0006545084971874737,411.1402175426483
401,401,0.026077931584871334,0.029290230976170804,0.0006530138210942505,412.2790033817291
402,402,0.026036482466303783,0.029256639171795672,0.0006515176348163871,413.3139908313751
403,403,0.026021876574858376,0.029191713111407787,0.0006500199531206382,414.3564441204071
404,404,0.0259778148940076,0.029155760173158473,0.0006485207907885174,415.3959517478943
405,405,0.025956821830376335,0.02909561824277941,0.0006470201626161521,416.4164698123932
406,406,0.025917777143742726,0.029058374177260572,0.0006455180834141359,417.4306766986847
407,407,0.025883170735576878,0.028993694573999886,0.0006440145680073846,418.48846077919006
408,408,0.02581865826378698,0.028975594313029783,0.0006425096312349881,419.5374894142151
409,409,0.02579945350146812,0.02890270781894046,0.0006410032879500646,420.5664918422699
410,410,0.025733643980777782,0.028900737149349178,0.0006394955530196147,421.5850839614868
411,411,0.02570814331588538,0.02888722566955061,0.0006379864413243729,422.60566806793213
412,412,0.025715900180132492,0.028824024862912766,0.0006364759677586627,423.67530250549316
413,413,0.025639795738717785,0.028804185066417038,0.0006349641472302481,424.7246584892273
414,414,0.025655248890752377,0.02870972235967596,0.0006334509946601879,425.74450969696045
415,415,0.025614544425321663,0.028676612922046558,0.0006319365249826865,426.7602825164795
416,416,0.02558085800189039,0.028649879758616527,0.0006304207531449485,427.7732102870941
417,417,0.025520057214990906,0.028618874535503158,0.00062890369410703,428.80818915367126
418,418,0.0255155881623859,0.028585339220891515,0.0006273853628416911,429.8561005592346
419,419,0.025513922309745914,0.028565888838416122,0.0006258657743342485,430.88262724876404
420,420,0.025453492270215698,0.028563654790800738,0.0006243449435824273,431.9007019996643
421,421,0.025458062391566193,0.028498224649264152,0.0006228228855962132,432.9204361438751
422,422,0.025427262501224228,0.028466941541936023,0.0006212996153977038,433.9372684955597
423,423,0.02537227397703606,0.02844402161707361,0.000619775148020961,434.9624447822571
424,424,0.02534436823233314,0.02840590622859547,0.0006182494985118624,435.97813987731934
425,425,0.02532680413645247,0.028361833957304437,0.0006167226819279528,436.9938325881958
426,426,0.025282593848912613,0.02833987504513149,0.0006151947133382953,438.01175475120544
427,427,0.02524341982991799,0.0283092364220016,0.0006136656078233232,439.0366110801697
428,428,0.025222473656353744,0.028253217943641076,0.0006121353804746907,440.1070833206177
429,429,0.025182583004884098,0.028268983134304183,0.0006106040463951236,441.13135743141174
430,430,0.02514618659472984,0.02823485212333231,0.0006090716206982714,442.15546703338623
431,431,0.025118379327266113,0.028162029888256487,0.0006075381185085567,443.18325638771057
432,432,0.025096884402243988,0.028115829223968897,0.0006060035549610275,444.19781494140625
433,433,0.025093298081470573,0.02808405770864113,0.0006044679452012058,445.2811441421509
434,434,0.025038823404389877,0.02802416698401233,0.0006029313043849407,446.2947437763214
435,435,0.02500483085927756,0.027955632710672286,0.0006013936476782562,447.3046946525574
436,436,0.024972966507725094,0.027936813881598323,0.0005998549902572035,448.31381702423096
437,437,0.02491885261691135,0.027904417823596175,0.00059831534730771,449.3410725593567
438,438,0.024924962578908257,0.027822976388845098,0.0005967747340254302,450.39157605171204
439,439,0.02488422661047915,0.027780281900461896,0.000595233165615595,451.45097613334656
440,440,0.024889752997652344,0.02774968577257122,0.0005936906572928623,452.4484233856201
441,441,0.024854111525675526,0.02773889436509954,0.0005921472242811668,453.45320105552673
442,442,0.0248509568526693,0.027671967967447027,0.0005906028818135687,454.46465706825256
443,443,0.024834592300264732,0.027662688148129416,0.000589057645132105,455.49953627586365
444,444,0.02481766441917938,0.02766666058226522,0.0005875115294876381,456.5120098590851
445,445,0.024801417618342068,0.027637248979993614,0.0005859645501397049,457.52439045906067
446,446,0.024805295645542767,0.02762782615889986,0.0005844167223563669,458.5263946056366
447,447,0.024768465239068737,0.027646202203559588,0.0005828680614140599,459.53418159484863
448,448,0.024759852043960407,0.027623078316809182,0.0005813185825974419,460.6030354499817
449,449,0.024755401698791462,0.027584948624113956,0.0005797683011992431,461.61378717422485
450,450,0.024728370506478393,0.027564991835549654,0.0005782172325201155,462.6187045574188
451,451,0.02479073073229064,0.027518376838191447,0.0005766653918684803,463.6373393535614
452,452,0.024770856146579204,0.027538231113948018,0.0005751127945603786,464.6807610988617
453,453,0.024776866497552914,0.02753607707479632,0.0005735594559193186,465.78597259521484
454,454,0.024889003971348637,0.027480775234569987,0.0005720053912761262,466.7955331802368
455,455,0.02497746738726678,0.02749453698655209,0.0005704506159687913,467.80261492729187
456,456,0.025046707171460857,0.027502143616417805,0.0005688951453423192,468.8095951080322
457,457,0.024837963445031124,0.02754841398851699,0.0005673389947485763,469.84983801841736
458,458,0.02498067745372005,0.02745996032762958,0.0005657821795461413,470.9094877243042
459,459,0.025277404681496,0.027384250723274356,0.0005642247151001515,471.9218680858612
460,460,0.02565408157913581,0.02742383519120245,0.0005626666167821521,472.9350709915161
461,461,0.025598723036439522,0.027404351281114372,0.0005611078999699447,473.9586248397827
462,462,0.0254783666814151,0.027376785699323,0.0005595485800474349,474.9737820625305
463,463,0.025721485767027607,0.027298774956220604,0.0005579886724044808,476.00824761390686
464,464,0.025720550800147263,0.02718843727047185,0.0005564281924367408,477.0231475830078
465,465,0.02559781884369643,0.027064484824617225,0.0005548671555455227,478.04000639915466
466,466,0.025343504369906757,0.02688554281211761,0.0005533055771376299,479.0536217689514
467,467,0.0251199455688829,0.026722218724618475,0.0005517434726252113,480.0649926662445
468,468,0.024930103884442993,0.026576882353927717,0.0005501808574256075,481.0824911594391
469,469,0.024812053970020752,0.026485893664410315,0.0005486177469611999,482.13924288749695
470,470,0.02474055973731953,0.026440766628786742,0.0005470541566592571,483.18539595603943
471,471,0.024688779335954914,0.026407834851598165,0.0005454901019517849,484.2272744178772
472,472,0.024638244234349415,0.026394275091139667,0.0005439255982753717,485.2681760787964
473,473,0.024598125935248707,0.026360393679106094,0.0005423606610710366,486.35072088241577
474,474,0.024564384847231533,0.02634187445762646,0.0005407953057840789,487.3800528049469
475,475,0.0245352060250614,0.02632182286715651,0.0005392295478639225,488.4158844947815
476,476,0.02452107826652734,0.026301458895385984,0.0005376634027639665,489.445853471756
477,477,0.02450624051625314,0.026289482567324697,0.0005360968859414304,490.50787830352783
478,478,0.02448184958294682,0.026269542125154692,0.000534530012857203,491.56246733665466
479,479,0.024463175512526348,0.02625324613448367,0.0005329627989756889,492.60176730155945
480,480,0.024441885802408924,0.0262364376022155,0.0005313952597646568,493.6327106952667
481,481,0.024444576028896416,0.026217679064496454,0.0005298274106950854,494.64913725852966
482,482,0.02441499309371347,0.026207989728055804,0.0005282592672410123,495.69798398017883
483,483,0.024408377545035404,0.0261789752103119,0.0005266908448793802,496.7595808506012
484,484,0.024396091618615647,0.026165351608251952,0.0005251221590898848,497.76584911346436
485,485,0.024370076458739197,0.026147834171193193,0.0005235532253548213,498.76768684387207
486,486,0.024360639812505764,0.02612772082169372,0.0005219840591589324,499.77026557922363
487,487,0.024346490107152775,0.02611578264868403,0.0005204146759892551,500.76912236213684
488,488,0.02434958315089993,0.026103816392371453,0.0005188450913349672,501.779536485672
489,489,0.024356487976468128,0.02609633290803576,0.0005172753206872363,502.7779793739319
490,490,0.02434931387719901,0.02608910325061844,0.0005157053795390641,503.7875633239746
491,491,0.02436254934772201,0.02608576309698892,0.0005141352833851366,504.7828221321106
492,492,0.024355954774048016,0.02606720854808767,0.0005125650477216688,505.78415083885193
493,493,0.024340399095545643,0.026060134226299193,0.0005109946880462526,506.85643672943115
494,494,0.0242952857490467,0.026034446262631072,0.0005094242198577042,507.87024974823
495,495,0.02426630882141383,0.02602374235459839,0.0005078536586559104,508.87607312202454
496,496,0.02421981185350729,0.0259939853775214,0.0005062830199416764,509.88636112213135
497,497,0.02420673851409684,0.02597496377595936,0.0005047123192165721,510.89522552490234
498,498,0.02416472946820052,0.025927755218672466,0.0005031415719827795,511.9373514652252
499,499,0.024114904439319736,0.025888375753918325,0.0005015707937429398,512.947056055069
500,500,0.024051997810602188,0.025867363150758917,0.0005,513.9669244289398
501,501,0.023980136798775715,0.02586343472441995,0.0004984292062570603,514.9772748947144
502,502,0.023976892151910324,0.025842298567295075,0.0004968584280172205,515.9993844032288
503,503,0.023965912101709324,0.025847784106630876,0.000495287680783428,517.0664851665497
504,504,0.02391944566498632,0.025861843738211206,0.0004937169800583236,518.083086013794
505,505,0.023891512790451878,0.02586586054818458,0.0004921463413440898,519.0963728427887
506,506,0.023825535631698112,0.025850307155983993,0.0004905757801422959,520.1043763160706
507,507,0.02384822094893974,0.025835511828941036,0.0004890053119537475,521.1165127754211
508,508,0.023825721896213035,0.025826050394988923,0.0004874349522783313,522.127837896347
509,509,0.023858394149852837,0.02584502998156002,0.00048586471661486345,523.150577545166
510,510,0.023880416689359623,0.02590698825128107,0.00048429462046093585,524.1613945960999
511,511,0.02404694615498833,0.025958183196833334,0.000482724679312764,525.169278383255
512,512,0.02429800602081029,0.025993198448096413,0.0004811549086650327,526.1856620311737
513,513,0.024593616147404133,0.0259781197880406,0.00047958532401074503,527.205995798111
514,514,0.024651117136944897,0.025883767067129353,0.00047801594084106763,528.2846808433533
515,515,0.02445767479746238,0.02571228494845241,0.0004764467746451786,529.2962636947632
516,516,0.024198702334061913,0.025532374786863845,0.00047487784091011526,530.3083987236023
517,517,0.023926903534194698,0.025386868116546828,0.0004733091551206198,531.3328001499176
518,518,0.02376504396290883,0.02526036170591791,0.00047174073275898777,532.3983542919159
519,519,0.023668486139048702,0.025191674031407,0.0004701725893049147,533.4495234489441
520,520,0.023588711638813434,0.025128801400402943,0.0004686047402353434,534.4748203754425
521,521,0.023544331688595856,0.0250931478991925,0.0004670372010243111,535.4844949245453
522,522,0.023467244742357212,0.025059582284056997,0.0004654699871427972,536.5298352241516
523,523,0.023380381662560547,0.02501455373972295,0.00046390311405856977,537.5702209472656
524,524,0.023298731073737144,0.02497689130615039,0.0004623365972360336,538.6150271892548
525,525,0.02327077090740204,0.024931898600904338,0.0004607704521360776,539.6182763576508
526,526,0.02327330256609813,0.02490664630769247,0.00045920469421592124,540.6228041648865
527,527,0.023238194134572277,0.024895093262375118,0.0004576393389289633,541.6278312206268
528,528,0.02321570350424103,0.02486936821187117,0.00045607440172462844,542.6374669075012
529,529,0.02324815151160178,0.024836160516343922,0.00045450989804821513,543.685319185257
530,530,0.02323826110881308,0.024819680954138917,0.00045294584334074284,544.6919059753418
531,531,0.02314351928298888,0.024802073387496442,0.0004513822530388004,545.6973285675049
532,532,0.023089556752339653,0.02476357107600534,0.0004498191425743926,546.6999053955078
533,533,0.023121648265615753,0.024730698728417776,0.00044825652737478876,547.7115089893341
534,534,0.023164376616477966,0.024721115661493268,0.00044669442286237004,548.7575075626373
535,535,0.023205015646374744,0.024718777925135143,0.00044513284445447737,549.7633757591248
536,536,0.023127385779567387,0.024719175301402448,0.00044357180756325913,550.7894632816315
537,537,0.023070845510000767,0.024685597294066327,0.0004420113275955193,551.7921030521393
538,538,0.023027536580743996,0.024645529359758618,0.0004404514199525652,552.7943258285522
539,539,0.02296416234710942,0.02461848173245608,0.00043889210003005523,553.8008592128754
540,540,0.022977358054207718,0.024589452964354712,0.00043733338321784795,554.832617521286
541,541,0.022946556787128033,0.024571465790630822,0.0004357752848998486,555.8526623249054
542,542,0.022914616229093594,0.024556002707546015,0.00043421782045385875,556.8699202537537
543,543,0.022934094638280247,0.024523157240396522,0.00043266100525142374,557.8934452533722
544,544,0.022937640871690666,0.02451055255460452,0.000431104854657681,558.9515037536621
545,545,0.022864736130704052,0.024491642832935576,0.0004295493840312087,559.9698934555054
546,546,0.02277179281024829,0.024454154567905218,0.0004279946087238739,560.9723274707794
547,547,0.02277043145959792,0.024412815138159027,0.0004264405440806814,561.9966185092926
548,548,0.022653783388111904,0.024389797951801715,0.00042488720543962146,563.013082742691
549,549,0.022548288511841194,0.024368620183633033,0.00042333460813151973,564.0365829467773
550,550,0.022513108247000237,0.024318930008504765,0.0004217827674798846,565.0521929264069
551,551,0.022479597479104996,0.024288051885115094,0.00042023169880075687,566.0716092586517
552,552,0.022431140846532326,0.024280992558742144,0.0004186814174025582,567.0844218730927
553,553,0.022414158543814785,0.024254717062934337,0.00041713193858594025,568.0989806652069
554,554,0.022423226143354954,0.024219214934182453,0.0004155832776436331,569.1257576942444
555,555,0.0223822221159935,0.02421513944864273,0.00041403544986029516,570.1549260616302
556,556,0.022355394923816555,0.024190911632704447,0.00041248847051236206,571.1816163063049
557,557,0.022319895903701367,0.024166731213230683,0.00041094235486789486,572.1875340938568
558,558,0.022253288442026013,0.02416057882448995,0.0004093971181864314,573.1897945404053
559,559,0.022257735871750374,0.02412751002394291,0.0004078527757188334,574.2640180587769
560,560,0.02218704662569191,0.024129417902195312,0.0004063093427071377,575.2744765281677
561,561,0.02219721512949985,0.02411638012223215,0.0004047668343844051,576.2773582935333
562,562,0.022176989718623783,0.024107321984617108,0.00040322526597457,577.282365322113
563,563,0.022123112140790276,0.024090347582676325,0.00040168465269228994,578.2933893203735
564,564,0.022111922664486843,0.024088761995894364,0.00040014500974279655,579.3654646873474
565,565,0.022025774435504623,0.02407577042299581,0.0003986063523217438,580.3856358528137
566,566,0.02204754001096539,0.024065842403166265,0.00039706869561505925,581.4057126045227
567,567,0.02201386759786502,0.024041932951434548,0.00039553205479879417,582.4227948188782
568,568,0.021972638028471367,0.02402244554944785,0.0003939964450389727,583.4627983570099
569,569,0.02197031684867714,0.024040644606911993,0.00039246188149144335,584.5246832370758
570,570,0.021968896703227707,0.02402994035776839,0.0003909283793017288,585.5401368141174
571,571,0.02190158119344193,0.024022940137838743,0.00038939595360487655,586.5549020767212
572,572,0.021913019616318787,0.024049944856978325,0.0003878646195253094,587.569518327713
573,573,0.021896699605428654,0.024017210205994458,0.0003863343921766769,588.6087045669556
574,574,0.02189057790066885,0.02400244484285274,0.0003848052866617048,589.6457967758179
575,575,0.021895297276585,0.024056620864444468,0.00038327731807204733,590.6423692703247
576,576,0.021882318689123444,0.02404427403157734,0.0003817505014881377,591.6413178443909
577,577,0.021861492777648178,0.024063419528215765,0.0003802248519790391,592.6427547931671
578,578,0.021908417506062466,0.0240652709930058,0.0003787003846022963,593.6555721759796
579,579,0.021910964632811752,0.024086844633860762,0.0003771771144037868,594.7601182460785
580,580,0.021891325388265694,0.024161363298813982,0.0003756550564175727,595.7718496322632
581,581,0.02187913502364055,0.024206665203154804,0.0003741342256657514,596.7867565155029
582,582,0.021949338200299637,0.024302875479481307,0.00037261463715830903,597.8005878925323
583,583,0.022069780237000923,0.02439579206956438,0.0003710963058929701,598.8359572887421
584,584,0.022310964601195377,0.02450397490377886,0.00036957924685505157,599.8732662200928
585,585,0.022665963710650154,0.024698851710881094,0.0003680634750173136,600.9215211868286
586,586,0.023460984796933506,0.02493490135992866,0.00036654900533981234,601.9431598186493
587,587,0.024713129372052525,0.02524945485484169,0.00036503585276975183,602.9644029140472
588,588,0.02574070543050766,0.025620855561581002,0.00036352403224133736,603.9863059520721
589,589,0.025042814486052677,0.02597979542810515,0.00036201355867562725,605.0184416770935
590,590,0.02325632074928802,0.025993422755455395,0.0003605044469803853,606.039514541626
591,591,0.022444968233289925,0.025514037013951555,0.00035899671204993533,607.060804605484
592,592,0.022404399578985962,0.024985666878252145,0.00035749036876501193,608.0814297199249
593,593,0.02242252554582513,0.024737567898918348,0.00035598543199261547,609.1038353443146
594,594,0.02245497225743273,0.024631876395229832,0.0003544819165858641,610.137660741806
595,595,0.02247371224929457,0.02454820847565151,0.0003529798373838481,611.1955816745758
596,596,0.02261327790177387,0.024498513349926615,0.00035147920921148253,612.2304275035858
597,597,0.02276615458338157,0.02448530625327524,0.00034998004687936194,613.2687704563141
598,598,0.022854865245197132,0.02452161683285811,0.0003484823651836131,614.3178291320801
599,599,0.02285327810956084,0.024570573125797582,0.00034698617890574956,615.3958902359009
600,600,0.02284515333240447,0.024548741717295475,0.00034549150281252633,616.4176194667816
601,601,0.02274582931852859,0.024526914698352296,0.00034399835165579263,617.4942512512207
602,602,0.022672594322458557,0.02449559604367578,0.00034250674017234764,618.4985296726227
603,603,0.022475575866258663,0.024401550161012683,0.00034101668308379453,619.5520327091217
604,604,0.022191223566946777,0.024160231789012988,0.00033952819509639533,620.5919942855835
605,605,0.022001019638517628,0.023920772076550738,0.0003380412909009253,621.6070530414581
606,606,0.021910108706873398,0.02377265470035105,0.00033655598517252883,622.6185455322266
607,607,0.02186107117196788,0.023676977908036793,0.00033507229257057357,623.6546881198883
608,608,0.021835592696848122,0.023628324193947288,0.00033359022773850675,624.6879847049713
609,609,0.021819862982501156,0.02359882287950401,0.0003321098053037097,625.7515439987183
610,610,0.021807696589309235,0.023576477434800333,0.0003306310398773543,626.7691352367401
611,611,0.021786947775146236,0.023553504202380237,0.00032915394605425837,627.7804906368256
612,612,0.021762641713671062,0.023532296537634837,0.0003276785384127415,628.7856163978577
613,613,0.021748990306387776,0.02350664141038096,0.00032620483151448153,629.8165805339813
614,614,0.021735471956755802,0.023492565176573145,0.0003247328399043705,630.8783037662506
615,615,0.021725421123530552,0.023469146870705018,0.00032326257811037153,631.8843882083893
616,616,0.021709719753783684,0.023454854610454604,0.0003217940606433747,632.8936567306519
617,617,0.02169017639497052,0.023431078043867307,0.0003203273019970547,633.9037549495697
618,618,0.02167954344464385,0.023406788540712323,0.0003188623166477272,634.9141042232513
619,619,0.02167619481358839,0.023396279568593185,0.00031739911905420617,635.9316704273224
620,620,0.0216699099249166,0.02338582912841475,0.00031593772365766105,636.9439694881439
621,621,0.02166186184014963,0.023379131420010545,0.0003144781448814745,637.9497787952423
622,622,0.021644417520450508,0.02336486721613321,0.0003130203971310999,638.9594156742096
623,623,0.0216241544517486,0.02334271315709654,0.00031156449479391863,639.9737861156464
624,624,0.021604108097760574,0.023320265284862862,0.0003101104522390995,641.0337474346161
625,625,0.021587433941338375,0.02329865617744894,0.0003086582838174551,642.0501201152802
626,626,0.02156560762744883,0.023274801079049168,0.00030720800386130174,643.0653872489929
627,627,0.021551885196696156,0.02325892687202936,0.00030575962668431703,644.0780236721039
628,628,0.02153340613712435,0.023240508637334928,0.0003043131665813989,645.0878565311432
629,629,0.02152533165138701,0.023227175037903957,0.00030286863782852445,646.1367809772491
630,630,0.021508019336539765,0.0232047091496278,0.00030142605468260966,647.152393579483
631,631,0.02149763816724653,0.023201064927032194,0.0002999854313813677,648.1619696617126
632,632,0.021482340910512467,0.023188364626951966,0.00029854678214316866,649.1676433086395
633,633,0.021465986076256504,0.023167495990553535,0.00029711012116690003,650.1743538379669
634,634,0.021458092591036922,0.02315765188401004,0.00029567546263182555,651.2012710571289
635,635,0.02145543378656325,0.02314931077501142,0.0002942428206974456,652.2267844676971
636,636,0.021429662309263065,0.023129110666642708,0.00029281220950335795,653.234269618988
637,637,0.021432080508574196,0.023115896361779017,0.00029138364316911745,654.2507824897766
638,638,0.02140448606856491,0.023089068939527835,0.00028995713579409686,655.2566339969635
639,639,0.021403114918781364,0.023089929845139204,0.00028853270145734846,656.3550102710724
640,640,0.021385117231503777,0.023065234419990734,0.00028711035421746366,657.3562953472137
641,641,0.021377165761330853,0.023067570365516536,0.0002856901081124359,658.3798542022705
642,642,0.02135357333590155,0.023051149635968438,0.0002842719771595207,659.3939869403839
643,643,0.02135714135416176,0.02303452276770609,0.00028285597535509773,660.4369721412659
644,644,0.021341965088377827,0.023009576778634484,0.00028144211667453366,661.4846668243408
645,645,0.021329474270991657,0.02299925710961043,0.0002800304150720424,662.497819185257
646,646,0.02131886002810105,0.022988887194050362,0.00027862088448054933,663.5190756320953
647,647,0.02130895780156488,0.02297413568629558,0.00027721353881155186,664.526394367218
648,648,0.021298079467985943,0.022964303114687105,0.000275808391954984,665.5517039299011
649,649,0.0212845953748278,0.02295406203133514,0.0002744054577790774,666.6245806217194
650,650,0.021281558453388836,0.022946272637829723,0.00027300475013022663,667.6314771175385
651,651,0.021272181735738464,0.02293295327977962,0.0002716062828328504,668.6373901367188
652,652,0.021268415386262146,0.022919337931706245,0.0002702100696892561,669.6414318084717
653,653,0.021262911026892456,0.022909757759736245,0.00026881612447950397,670.6626460552216
654,654,0.021249629881071007,0.022905156707548235,0.00026742446096127083,671.708398103714
655,655,0.021253184050969456,0.02289562781891191,0.0002660350928697134,672.7177636623383
656,656,0.021256044264072956,0.022882000226751867,0.00026464803391733387,673.7291617393494
657,657,0.02124465321717055,0.022872848324028843,0.00026326329779384396,674.7693934440613
658,658,0.021236141981637997,0.022868337940020734,0.0002618808981660304,675.808171749115
659,659,0.021231901143556057,0.022869329755923835,0.00026050084867761954,676.8791871070862
660,660,0.021219673445043358,0.02285863301570875,0.0002591231629491425,677.895839214325
661,661,0.02123393247956815,0.022852227877242018,0.00025774785457780106,678.9147396087646
662,662,0.021244704480404438,0.022851321796875403,0.00025637493713733396,679.9310381412506
663,663,0.021249131097093872,0.022846034613538936,0.00025500442417788187,680.9472241401672
664,664,0.021255682263037434,0.02284479536205889,0.0002536363292258541,681.9617133140564
665,665,0.02126850900442704,0.022838204672717185,0.0002522706657837962,682.9747831821442
666,666,0.02127378717388796,0.022841469413903824,0.0002509074473302546,684.0002727508545
667,667,0.021271668455522995,0.022841037634805026,0.00024954668731964517,685.0143344402313
668,668,0.02127142955103646,0.02283611102366304,0.0002481883991821196,686.039112329483
669,669,0.021291325435690258,0.02282777919198375,0.0002468325963234339,687.1089127063751
670,670,0.021282111011121586,0.022830596629036477,0.00024547929212481435,688.1327652931213
671,671,0.021317392101754314,0.022830288197441272,0.0002441284999428276,689.1531555652618
672,672,0.02135883255497269,0.022832399166851158,0.00024278023310924675,690.1678233146667
673,673,0.02141026115935782,0.022843134771269487,0.00024143450493092146,691.2161900997162
674,674,0.021433235186597576,0.022859721953969403,0.00024009132868964538,692.3275895118713
675,675,0.02145515374191429,0.022858197367694004,0.00023875071764202561,693.3267495632172
676,676,0.021516668083875076,0.02287178328148572,0.00023741268501935208,694.3222572803497
677,677,0.021539065743918003,0.022886038885777255,0.00023607724402746684,695.3198413848877
678,678,0.021566799639359764,0.022894988761070264,0.0002347444078466331,696.3305065631866
679,679,0.021600469218000122,0.02291106448834201,0.0002334141896314057,697.4096608161926
680,680,0.021625669835054356,0.022919070204517927,0.00023208660251050178,698.420886516571
681,681,0.021685174301914547,0.02292044830609517,0.00023076165958667007,699.4325771331787
682,682,0.021734549137561218,0.02293161374617772,0.00022943937393656212,700.4488861560822
683,683,0.021704649714672047,0.02293005109012845,0.00022811975861060369,701.4925329685211
684,684,0.021656095819628757,0.022906831203095883,0.0002268028266328655,702.5245568752289
685,685,0.021623612664963886,0.022885146041411952,0.0002254885910009342,703.5299127101898
686,686,0.021541676281586937,0.02286393440900797,0.0002241770646857849,704.5317695140839
687,687,0.021473658149657043,0.022852251678705214,0.00022286826063165304,705.5356678962708
688,688,0.021399319090920944,0.022840804871485893,0.00022156219175590598,706.5420644283295
689,689,0.021295020599728046,0.0228304466344865,0.00022025887094891656,707.6349844932556
690,690,0.021245839965084324,0.02280857414007187,0.00021895831107393465,708.6508045196533
691,691,0.02116469763543295,0.02279982564140515,0.00021766052496696153,709.6696348190308
692,692,0.02115871012210846,0.022773551474134606,0.00021636552543662186,710.6859421730042
693,693,0.021105190334112747,0.02275507464915155,0.00021507332526403834,711.7367188930511
694,694,0.021037331741789112,0.022738237297499037,0.0002137839372027045,712.7785973548889
695,695,0.020997842611825985,0.022722113890999773,0.00021249737397836073,713.8343434333801
696,696,0.020973016305462173,0.022706377739647784,0.0002112136482888663,714.8483192920685
697,697,0.020942500670966896,0.02269329815115555,0.0002099327728040753,715.864292383194
698,698,0.020927010266029316,0.02268015063221914,0.00020865476016571205,716.8802621364594
699,699,0.020910835055553394,0.022666926596717662,0.00020737962298724512,717.8978488445282
700,700,0.02089017289488212,0.022655220298343395,0.00020610737385376348,718.9197762012482
701,701,0.020875939370497414,0.02263752612094563,0.00020483802532185263,719.9329953193665
702,702,0.020859973100216492,0.022621491973299577,0.0002035715899194704,720.9471580982208
703,703,0.020847117366350216,0.02260098879236773,0.00020230808014582262,721.9669055938721
704,704,0.020828526548069458,0.02258137898542077,0.00020104750847124077,723.02659034729
705,705,0.020803217249719994,0.022556611576891806,0.00019978988733705805,724.0436916351318
706,706,0.02077823885433052,0.0225252826170749,0.00019853522915548762,725.058452129364
707,707,0.020753573140372402,0.022488260888550656,0.00019728354630949935,726.0725121498108
708,708,0.020734642105905907,0.0224518688687359,0.00019603485115269725,727.087189912796
709,709,0.02072076280803784,0.022419957309422724,0.00019478915600919879,728.1051497459412
710,710,0.020711670832141586,0.02238388983420579,0.00019354647317351188,729.1287124156952
711,711,0.020704586868700775,0.022343434568449675,0.00019230681491041446,730.1429522037506
712,712,0.02070556807777156,0.022306447933955365,0.00019107019345483272,731.1687648296356
713,713,0.020706457612307175,0.022267039281776153,0.000189836621011722,732.1837723255157
714,714,0.02071249428326669,0.02223506584673761,0.00018860610975594382,733.2007598876953
715,715,0.020713153659649517,0.022203307684107,0.0001873786718321474,734.3126142024994
716,716,0.020710622081937996,0.022172725321837217,0.00018615431935464983,735.3300404548645
717,717,0.02071107810606127,0.02214545718427882,0.00018493306440731555,736.346935749054
718,718,0.020715541408761688,0.022120951147503162,0.00018371491904343778,737.3633213043213
719,719,0.020719164253576942,0.022095434578606882,0.00018249989528561962,738.4257197380066
720,720,0.020722705708897633,0.022072102475058603,0.00018128800512565513,739.523430109024
721,721,0.0207261284408362,0.02205207735659128,0.00018007926052441086,740.5392506122589
722,722,0.020726789679864178,0.022034266739186036,0.00017887367341170795,741.551274061203
723,723,0.020723910435386326,0.022017373822360152,0.0001776712556862044,742.5660293102264
724,724,0.02072054495953995,0.02200088597026216,0.00017647201921527778,743.6244320869446
725,725,0.020721154854349468,0.021984893788235732,0.00017527597583490823,744.7117311954498
726,726,0.020722988749975742,0.021968249424573885,0.00017408313734956055,745.722081899643
727,727,0.02072183723035066,0.02195113365459873,0.0001728935155320695,746.7559471130371
728,728,0.020721121326736782,0.02193534197397979,0.00017170712212352185,747.7707724571228
729,729,0.02072134298150954,0.02192026803561722,0.0001705239688331417,748.8022348880768
730,730,0.020717617610226505,0.021905547223356834,0.00016934406733817397,749.8479919433594
731,731,0.02071402691628622,0.021892472159072578,0.0001681674292837707,750.8647613525391
732,732,0.020712991690506107,0.021879698093756134,0.00016699406628287422,751.8725311756134
733,733,0.020709869006405705,0.02186590844697981,0.0001658239899161036,752.8759858608246
734,734,0.020708128809928894,0.021853503302098756,0.00016465721173164,753.8810775279999
735,735,0.020705070508563,0.021841070625975907,0.00016349374324511345,754.8934814929962
736,736,0.020700693130493164,0.021828434899090286,0.00016233359593948777,755.897454738617
737,737,0.020698844171736553,0.021816132868449373,0.00016117678126494877,756.90198969841
738,738,0.020696894306203594,0.021803839540625192,0.00016002331063879038,757.9066123962402
739,739,0.020692743846903675,0.021791614910744758,0.0001588731954453018,758.91202044487
740,740,0.020689651532017666,0.021780468240739353,0.0001577264470356558,760.0401997566223
741,741,0.020687258599892906,0.021768938103713185,0.00015658307672779593,761.0718100070953
742,742,0.020681984074737713,0.021757918708475238,0.00015544309580632572,762.1027443408966
743,743,0.02067942755377811,0.02174754095185234,0.00015430651552239682,763.1508889198303
744,744,0.020674366584938507,0.021736129310475773,0.0001531733470935976,764.1867129802704
745,745,0.020671558201960896,0.021725834098206945,0.00015204360170384285,765.2783920764923
746,746,0.02066894086158794,0.02171451698943793,0.00015091729050326376,766.3178687095642
747,747,0.02066450784711734,0.02170353820435254,0.00014979442460809694,767.3532996177673
748,748,0.02065968537784141,0.021693511302751232,0.0001486750151005753,768.3838369846344
749,749,0.020654837560394535,0.021683337009814847,0.00014755907302881928,769.4342634677887
750,750,0.020651343076125435,0.02167321342570954,0.00014644660940672628,770.4918870925903
751,751,0.020645539640732433,0.021662869802620038,0.00014533763521386317,771.5292241573334
752,752,0.020640567673937134,0.021653577245502587,0.00014423216139535734,772.5577013492584
753,753,0.020636442562808163,0.021644314387476587,0.00014313019886178941,773.5907588005066
754,754,0.020631544049019398,0.021635059608393403,0.0001420317584890844,774.6648530960083
755,755,0.0206276076319425,0.02162554497460285,0.00014093685111840566,775.7469897270203
756,756,0.020621778767393982,0.02161579045904688,0.00013984548755604655,776.7683067321777
757,757,0.02061580728901469,0.021608175673937222,0.00013875767857332512,777.779364824295
758,758,0.02061355810450471,0.02159872930272516,0.00013767343490647677,778.7982234954834
759,759,0.020608809412173603,0.021589105356350002,0.00013659276725654863,779.8483295440674
760,760,0.020605757103666016,0.021579987003681172,0.00013551568628929417,780.8891983032227
761,761,0.02060416583781657,0.021569875793823277,0.00013444220263506796,781.9063544273376
762,762,0.020598884024049923,0.021560106466872148,0.0001333723268887201,782.9198260307312
763,763,0.02059387909653394,0.02155203454375985,0.00013230606960949203,783.9354815483093
764,764,0.020587648467525192,0.021543544418660993,0.0001312434413209131,784.9536368846893
765,765,0.020580112367220547,0.02153725972376674,0.00013018445251069527,785.9799828529358
766,766,0.020580833534831585,0.021528028229992075,0.00012912911363063045,786.9936535358429
767,767,0.02057693615231825,0.02151931635137782,0.00012807743509648744,788.0097773075104
768,768,0.020573915751731914,0.02151179267430162,0.00012702942728790896,789.0239953994751
769,769,0.020572500384372215,0.02150314542722989,0.00012598510054830886,790.0622680187225
770,770,0.02057004930532497,0.021493492024131568,0.0001249444651847702,791.1425175666809
771,771,0.020563137920006462,0.021486090074282094,0.00012390753146794437,792.1568984985352
772,772,0.02056866957117682,0.021478252328303922,0.00012287430963194807,793.1686773300171
773,773,0.020564129414117855,0.021471141763480313,0.00012184480987426411,794.2018344402313
774,774,0.02054318720879762,0.021467184872332824,0.00012081904235563907,795.2208340167999
775,775,0.020547721615951996,0.02145731557744095,0.00011979701719998454,796.3258128166199
776,776,0.02055512676420419,0.021448005049164037,0.00011877874449427617,797.3362171649933
777,777,0.02056397392374018,0.021440524271274186,0.00011776423428845434,798.3500347137451
778,778,0.020570925558390823,0.02143250997346568,0.00011675349659532503,799.3641314506531
779,779,0.02057966679010702,0.021427104272038103,0.0001157465413904617,800.4044535160065
780,780,0.020575898254047268,0.02142418701067028,0.00011474337861210544,801.4390804767609
781,781,0.02057154695300952,0.021417679628693915,0.00011374401816106777,802.4546325206757
782,782,0.02058231085538864,0.02140859397779028,0.00011274846990063315,803.4784219264984
783,783,0.020607035283161247,0.021399508878947742,0.00011175674365646083,804.493625164032
784,784,0.020620234391611557,0.021395693795688182,0.00011076884921648833,805.5221395492554
785,785,0.020633823521759197,0.021389821135854147,0.0001097847963308351,806.5835571289062
786,786,0.020639522649023846,0.02138850688485496,0.00010880459471170594,807.6150560379028
787,787,0.020657143677058426,0.021380158877336835,0.00010782825403329505,808.6427896022797
788,788,0.020688066501980244,0.021375278711139437,0.00010685578393169071,809.6591904163361
789,789,0.020717531523626785,0.02137456160622189,0.00010588719400478003,810.7090554237366
790,790,0.020731921024296596,0.02137358468699168,0.00010492249381215479,811.7780613899231
791,791,0.020771617798701576,0.02136719149189541,0.0001039616928750165,812.7777421474457
792,792,0.02080264687538147,0.021371058805520277,0.00010300480067608231,813.7782809734344
793,793,0.020850497905326927,0.02137350674314671,0.00010205182665949208,814.7836172580719
794,794,0.020894904904391453,0.02137545177107116,0.00010110278023071456,815.7873911857605
795,795,0.020935553004560264,0.021382594889546015,0.00010015767075645488,816.8028857707977
796,796,0.020970695773544518,0.021389065602098602,9.921650756456164e-05,817.8105020523071
797,797,0.021001822436633316,0.021394551837121148,9.82792999439362e-05,818.8149456977844
798,798,0.021031860991016678,0.021401100780770003,9.734605714443906e-05,819.8214509487152
799,799,0.021056544116657715,0.021408371672213794,9.641678837679995e-05,820.8230862617493
800,800,0.02104620676001777,0.021414986728544694,9.549150281252633e-05,821.8949537277222
801,801,0.021014687888648197,0.021421424689960767,9.457020958381336e-05,822.9523265361786
802,802,0.02095781768793645,0.021424296354672995,9.365291778345303e-05,823.9672601222992
803,803,0.020882127239652302,0.021421990449349563,9.273963646474525e-05,824.972932100296
804,804,0.020772851517666942,0.021410277979560646,9.183037464140803e-05,825.9810631275177
805,805,0.020666526144613392,0.02139104909925576,9.092514128748836e-05,826.9911525249481
806,806,0.020560164490471714,0.021364929374442045,9.002394533727393e-05,827.9945788383484
807,807,0.020472320363573406,0.021334639519273516,8.912679568520493e-05,829.0053942203522
808,808,0.020402526725893436,0.02130303276051958,8.823370118578628e-05,830.0161671638489
809,809,0.020350380436233852,0.02127312551061791,8.734467065350022e-05,831.0186161994934
810,810,0.020310888228857,0.02124620158539479,8.645971286271914e-05,832.0285580158234
811,811,0.020280714268269745,0.021222243287477148,8.557883654761906e-05,833.0307049751282
812,812,0.02025848489416682,0.021201272986559983,8.470205040209372e-05,834.0356533527374
813,813,0.020240718336856884,0.02118289616093578,8.382936307966838e-05,835.0356440544128
814,814,0.020226640869741856,0.021166291469371462,8.296078319341433e-05,836.0383350849152
815,815,0.02021526804436808,0.021151168563638825,8.209631931586487e-05,837.0518836975098
816,816,0.02020627827100132,0.02113728100456387,8.123597997892917e-05,838.059901714325
817,817,0.02019939814572749,0.02112458807427481,8.037977367380922e-05,839.0652348995209
818,818,0.020194105318059093,0.021113054907645087,7.952770885091548e-05,840.0677573680878
819,819,0.02018998036889926,0.021102359886449505,7.867979391978397e-05,841.0694587230682
820,820,0.020186936563771705,0.021092355942510698,7.783603724899247e-05,842.0783233642578
821,821,0.020184486132601032,0.021083129771861685,7.699644716607895e-05,843.0845906734467
822,822,0.020182975365415863,0.021074312543833112,7.616103195745839e-05,844.0953831672668
823,823,0.020182050683576126,0.02106608432459544,7.532979986834176e-05,845.100376367569
824,824,0.02018164049672044,0.021058292152831354,7.450275910265413e-05,846.1083006858826
825,825,0.020182147055216457,0.021050885068364892,7.367991782295391e-05,847.1162519454956
826,826,0.020182850163268005,0.021043922590563095,7.286128415035237e-05,848.123619556427
827,827,0.02018457586350648,0.02103734902858016,7.20468661644335e-05,849.127691745758
828,828,0.02018692158162594,0.02103113448135106,7.123667190317396e-05,850.128485918045
829,829,0.020189625413521477,0.021025249460734516,7.043070936286378e-05,851.1277365684509
830,830,0.02019272930920124,0.02101972885429859,6.962898649802824e-05,852.1407330036163
831,831,0.020195561096720074,0.02101457373474736,6.883151122134812e-05,853.1528685092926
832,832,0.02019908003832983,0.021009702868310803,6.803829140358226e-05,854.1632339954376
833,833,0.020203114122800205,0.021005187461893244,6.72493348734905e-05,855.1696784496307
834,834,0.020207364921984466,0.021000893463391856,6.646464941775498e-05,856.1709387302399
835,835,0.020212342638684357,0.020997039502464145,6.568424278090446e-05,857.1837646961212
836,836,0.0202179453133241,0.020993477954383357,6.490812266523716e-05,858.1866450309753
837,837,0.020223064267117043,0.020990165897521628,6.413629673074562e-05,859.191070318222
838,838,0.02022924444273762,0.02098726987479681,6.336877259503993e-05,860.1951434612274
839,839,0.02023625082295874,0.020984797507344957,6.260555783327365e-05,861.2091507911682
840,840,0.02024369079457677,0.02098271094083068,6.184665997806821e-05,862.2855293750763
841,841,0.0202511725542338,0.020980933694595316,6.10920865194392e-05,863.2993340492249
842,842,0.02025933652792288,0.020979626342115632,6.034184490472194e-05,864.3066997528076
843,843,0.020267725476752155,0.02097867625844048,5.9595942538498206e-05,865.3059287071228
844,844,0.020276824336337006,0.02097795996141721,5.88543867825233e-05,866.3181884288788
845,845,0.020288722994534866,0.020978257383208677,5.811718495565327e-05,867.4154999256134
846,846,0.020300650321271107,0.020979109612933124,5.738434433377243e-05,868.4339027404785
847,847,0.020314455437271492,0.020981145493057837,5.665587214972173e-05,869.4490835666656
848,848,0.02032816442458526,0.020983621895492795,5.593177559322776e-05,870.4596989154816
849,849,0.020342961358635323,0.02098649859607938,5.5212061810831104e-05,871.4955494403839
850,850,0.020360620287449463,0.02099028619746846,5.449673790581611e-05,872.5489540100098
851,851,0.020378951469193333,0.020995113635099077,5.3785810938141e-05,873.5615403652191
852,852,0.02039886541340662,0.021000742234558945,5.3079287924368115e-05,874.5790345668793
853,853,0.02042163859890855,0.021007146089371428,5.237717583759422e-05,875.5884845256805
854,854,0.020449357512204544,0.021015405479863466,5.1679481607382065e-05,876.6251838207245
855,855,0.02048168712012146,0.021026020299598394,5.098621211969223e-05,877.6718957424164
856,856,0.020513862695382988,0.021039281695722098,5.029737421681446e-05,878.690972328186
857,857,0.020547479391098022,0.021052369645920145,4.961297469730097e-05,879.7162821292877
858,858,0.020582515989308773,0.02106614769492523,4.893302031589858e-05,880.7423624992371
859,859,0.02060739866093449,0.02108014539692057,4.825751778348258e-05,881.7824194431305
860,860,0.020638418829311497,0.021089720990822975,4.758647376699032e-05,882.8214130401611
861,861,0.0206749622264634,0.02110313645238618,4.691989488935517e-05,883.835476398468
862,862,0.020725206107549046,0.021120251499744783,4.6257787729441505e-05,884.852059841156
863,863,0.020808288584584774,0.021146311637866927,4.560015882197993e-05,885.8654968738556
864,864,0.0208791453877221,0.021187784029058663,4.494701465750217e-05,886.8790502548218
865,865,0.020943222810392795,0.02121659228241587,4.429836168227736e-05,887.9053120613098
866,866,0.0209735792292201,0.02124461844024888,4.3654206298248625e-05,888.9223773479462
867,867,0.02103037581495617,0.02125847540257207,4.301455486296946e-05,889.9379405975342
868,868,0.02108109345578629,0.021282837400773923,4.2379413689541237e-05,890.956481218338
869,869,0.02108761425251546,0.021297612799757934,4.174878904655099e-05,891.9844167232513
870,870,0.021105873519959656,0.02130762102104813,4.112268715800943e-05,893.1039922237396
871,871,0.02105253861974115,0.02131196793213666,4.0501114203289394e-05,894.147222995758
872,872,0.02094986735154753,0.02129600365388106,3.9884076317064924e-05,895.1836740970612
873,873,0.020824060734847317,0.021266212745244244,3.927157958925082e-05,896.2207086086273
874,874,0.02070200815796852,0.02122787018587072,3.8663630064942554e-05,897.2625212669373
875,875,0.020605033830456112,0.021188291337296185,3.806023374435663e-05,898.4109840393066
876,876,0.02054097697786663,0.021153211782136597,3.746139658277092e-05,899.4263954162598
877,877,0.020507723416971123,0.02112641106527972,3.68671244904667e-05,900.4380676746368
878,878,0.0205018756830174,0.02110726564045412,3.6277423332669367e-05,901.44859623909
879,879,0.020520174794870873,0.02109509685402175,3.569229892949144e-05,902.5085530281067
880,880,0.020557083837364033,0.02108825506216072,3.511175705587427e-05,903.5611042976379
881,881,0.020606571889441948,0.021084465032600495,3.453580344153212e-05,904.5735859870911
882,882,0.020661665369635044,0.021081252072949006,3.3964443770894525e-05,905.5870745182037
883,883,0.02071747807380946,0.021077487527965063,3.339768368305079e-05,906.5999021530151
884,884,0.020755600670109623,0.021070625166217966,3.283552877169399e-05,907.6270482540131
885,885,0.020765660492622334,0.021058473394936827,3.2277984585066366e-05,908.7328360080719
886,886,0.020742106615849163,0.02104005498519863,3.172505662590386e-05,909.7319540977478
887,887,0.020687465110550755,0.02101563369653311,3.1176750351382124e-05,910.7341501712799
888,888,0.020613665166108505,0.020986813917217486,3.0633071173062964e-05,911.7528896331787
889,889,0.020533286763922028,0.020956251379775713,3.0094024456840175e-05,912.7781686782837
890,890,0.02045611032973165,0.020925959253526596,2.9559615522887328e-05,913.8164451122284
891,891,0.020387366738008415,0.02089764055268592,2.9029849645604733e-05,914.8135781288147
892,892,0.020328069672636364,0.020872070976948164,2.850473205356774e-05,915.8116509914398
893,893,0.02027728700119516,0.020849273084516985,2.798426792947517e-05,916.8150143623352
894,894,0.0202336182574863,0.02082891070160521,2.746846241009765e-05,917.8155477046967
895,895,0.020195747928127,0.02081061633056905,2.695732058622735e-05,918.8222281932831
896,896,0.02016272598310657,0.02079404658940901,2.6450847502627883e-05,919.8199093341827
897,897,0.0201337404711091,0.02077895155602909,2.5949048157984045e-05,920.8196668624878
898,898,0.02010815323370954,0.02076512618237231,2.5451927504852646e-05,921.8176765441895
899,899,0.0200854253185832,0.020752398956970997,2.4959490449614097e-05,922.8124368190765
900,900,0.02006514038404693,0.02074062667607543,2.4471741852423235e-05,923.8263065814972
901,901,0.020046939020571503,0.020729690170790776,2.398868652716174e-05,924.8252856731415
902,902,0.02003055543679258,0.020719498579940165,2.3510329241390628e-05,925.8273251056671
903,903,0.020015747326871624,0.02070996575955167,2.3036674716303273e-05,926.8227834701538
904,904,0.020002325672818268,0.02070102798920798,2.2567727626678523e-05,927.823897600174
905,905,0.01999012186475422,0.020692620772015616,2.210349260083494e-05,928.8896639347076
906,906,0.019979000658444736,0.020684704826359288,2.1643974220584727e-05,929.8425376415253
907,907,0.019968854830316875,0.020677226813263203,2.118917702118889e-05,930.7937350273132
908,908,0.01995957634695198,0.020670161737375948,2.0739105491312082e-05,931.7453355789185
909,909,0.01995111459299274,0.020663468777594795,2.0293764072978614e-05,932.6937727928162
910,910,0.01994337214399939,0.02065712929400335,1.985315716152847e-05,933.6430838108063
911,911,0.01993630769784036,0.020651113179074712,1.9417289105574056e-05,934.6046357154846
912,912,0.0199298695863589,0.020645408256046743,1.898616420695709e-05,935.5537288188934
913,913,0.019924026630494907,0.02063998664359012,1.8559786720706186e-05,936.5025012493134
914,914,0.019918750890571137,0.020634842502424516,1.8138160854995144e-05,937.4519979953766
915,915,0.01991401248328064,0.020629958458334565,1.7721290771101016e-05,938.4033386707306
916,916,0.019909797236323357,0.020625324031136122,1.730918058336306e-05,939.3519401550293
917,917,0.019906101262439854,0.020620924795427955,1.690183435914261e-05,940.303186416626
918,918,0.019902918487787247,0.0206167579909046,1.6499256118782503e-05,941.2528312206268
919,919,0.019900253852424415,0.02061281537255609,1.610144983556733e-05,942.201628446579
920,920,0.019898118127299393,0.02060908234442573,1.5708419435684463e-05,943.1539463996887
921,921,0.019896512122257896,0.02060555548193943,1.5320168798185376e-05,944.1036520004272
922,922,0.01989544928073883,0.02060222809752786,1.4936701754947101e-05,945.0533475875854
923,923,0.01989497301047263,0.020599087781037192,1.4558022090634504e-05,946.0071358680725
924,924,0.0198950603928255,0.020596136251486926,1.4184133542663014e-05,946.9580218791962
925,925,0.019895748194792996,0.020593344738864035,1.3815039801161721e-05,947.9082651138306
926,926,0.019897034715699112,0.020590717489101802,1.3450744508936741e-05,948.8557302951813
927,927,0.01989891517745412,0.020588232657636506,1.3091251261435622e-05,949.807722568512
928,928,0.019901367795208225,0.020585877461785293,1.2736563606711382e-05,950.7643804550171
929,929,0.019904338957174965,0.02058363227869373,1.2386685045388313e-05,951.7894678115845
930,930,0.0199077514850575,0.020581475501678076,1.2041619030626338e-05,952.8127868175507
931,931,0.01991149993694347,0.020579391484519084,1.1701368968087712e-05,953.8228907585144
932,932,0.0199154465580764,0.020577343414167323,1.136593821590326e-05,954.8473002910614
933,933,0.019919433104603188,0.02057531665427139,1.1035330084639138e-05,955.8529281616211
934,934,0.019923268290965454,0.020573282116148846,1.0709547837263967e-05,956.8525516986847
935,935,0.01992676058865112,0.020571216658116825,1.038859468911707e-05,957.8573563098907
936,936,0.019929735475908154,0.020569102573825652,1.0072473807876569e-05,958.9443371295929
937,937,0.019932023613997128,0.020566917605787875,9.761188313527847e-06,959.9798758029938
938,938,0.019933493483973587,0.020564649783703218,9.454741278333012e-06,961.0136859416962
939,939,0.019934052763425785,0.020562289089682592,9.1531357268006e-06,962.0530910491943
940,940,0.01993362192550431,0.02055983445999852,8.856374635655639e-06,963.0928645133972
941,941,0.019932153027342712,0.02055728575102536,8.564460933810414e-06,964.1299982070923
942,942,0.019929641857743263,0.02055464689900358,8.277397502335137e-06,965.1661152839661
943,943,0.019926052459556122,0.020551928056471318,7.995187174430153e-06,966.2042019367218
944,944,0.019921429860203163,0.020549133675823728,7.717832735397334e-06,967.2401213645935
945,945,0.01991580216133076,0.020546279524464205,7.445336922613066e-06,968.2878408432007
946,946,0.01990930979018626,0.020543366684073427,7.177702425500976e-06,969.3956394195557
947,947,0.019902088962819264,0.020540407421179564,6.914931885505571e-06,970.40500831604
948,948,0.01989435283062251,0.020537404141512262,6.657027896065982e-06,971.4114782810211
949,949,0.019886342565650524,0.0205343656870256,6.403993002590425e-06,972.4170746803284
950,950,0.01987831270241219,0.020531304054949656,6.15582970243117e-06,973.4547216892242
951,951,0.019870482223189396,0.020528233863682632,5.912540444859782e-06,974.4972569942474
952,952,0.019863032614407333,0.020525169242397848,5.674127631043025e-06,975.5186131000519
953,953,0.019856092236612156,0.020522129490792032,5.440593614019107e-06,976.5336818695068
954,954,0.01984973551462526,0.020519138244261225,5.211940698674533e-06,977.549211025238
955,955,0.01984396512093751,0.020516215731580575,4.988171141721232e-06,978.5913860797882
956,956,0.01983877125641574,0.02051338258098407,4.769287151674407e-06,979.6435744762421
957,957,0.019834103872594627,0.020510655381234297,4.555290888830665e-06,980.6572268009186
958,958,0.019829908223903698,0.02050803389893957,4.346184465246705e-06,981.6718187332153
959,959,0.019826130617571915,0.020505528044269746,4.141969944718605e-06,982.6837310791016
960,960,0.01982271161092364,0.020503142713961833,3.942649342761117e-06,983.7175033092499
961,961,0.01981961589468562,0.02050086366214666,3.748224626588137e-06,984.7699437141418
962,962,0.01981679382531539,0.020498697612299978,3.5586977150932064e-06,985.7856166362762
963,963,0.01981422240319459,0.02049663512552359,3.3740704788303158e-06,986.7982323169708
964,964,0.019811863808528236,0.020494672341878156,3.1943447399958027e-06,987.8102805614471
965,965,0.01980969981978769,0.02049280339964183,3.019522272410147e-06,988.8214962482452
966,966,0.019807704440925434,0.020491023630980987,2.849604801500538e-06,989.8481395244598
967,967,0.01980586592917857,0.02048932613737612,2.6845940042838356e-06,990.8651683330536
968,968,0.019804173594583637,0.02048771029495331,2.5244915093499133e-06,991.8823630809784
969,969,0.01980260087420111,0.020486170717750687,2.3692988968458396e-06,992.9012832641602
970,970,0.019801145338493843,0.020484703931822834,2.219017698460002e-06,993.9306890964508
971,971,0.019799795082729797,0.020483304932713508,2.0736493974071737e-06,994.9953901767731
972,972,0.019798544276019802,0.020481973594750267,1.9331954284137475e-06,996.0156917572021
973,973,0.019797373725020367,0.02048070392156222,1.7976571777038043e-06,997.0328423976898
974,974,0.019796295334463535,0.02047949501997735,1.6670359829850656e-06,998.0524046421051
975,975,0.01979528950608295,0.020478346948343586,1.541333133436018e-06,999.0735836029053
976,976,0.01979435664480147,0.020477250501154416,1.420549869693033e-06,1000.1153008937836
977,977,0.01979349480698938,0.02047621344765985,1.3046873838381546e-06,1001.1351506710052
978,978,0.019792693221698635,0.02047522740371256,1.193746819387387e-06,1002.154625415802
979,979,0.019791948811515518,0.020474292526403107,1.0877292712792587e-06,1003.2060585021973
980,980,0.019791258418041725,0.020473404331918223,9.866357858642206e-07,1004.219655752182
981,981,0.019790616939249245,0.0204725688211171,8.904673608940983e-07,1005.3471240997314
982,982,0.019790022998400356,0.02047178021306733,7.992249455124889e-07,1006.3632967472076
983,983,0.01978948323622994,0.02047103401497904,7.129094402451019e-07,1007.3792881965637
984,984,0.019788993684493977,0.020470333682844438,6.315216969912663e-07,1008.3981697559357
985,985,0.019788541385661,0.0204696820263403,5.550625190150483e-07,1009.4515380859375
986,986,0.019788128121391586,0.020469070710690623,4.835326609376467e-07,1010.5007343292236
987,987,0.019787758669775467,0.02046849901327886,4.169328287299545e-07,1011.5153176784515
988,988,0.019787419992296593,0.020467974640518787,3.5526367970539763e-07,1012.5326371192932
989,989,0.019787114761445835,0.020467487987445063,2.985258225135512e-07,1013.5575728416443
990,990,0.019786853586202083,0.020467043192271727,2.467198171342e-07,1014.5901966094971
991,991,0.01978662699137045,0.02046663881874228,1.9984617487173174e-07,1015.6383485794067
992,992,0.01978643667762694,0.02046627184622977,1.5790535835003005e-07,1016.6897664070129
993,993,0.01978626758184122,0.020465947193912714,1.2089778150797815e-07,1017.7228572368622
994,994,0.01978613128480704,0.020465661392333995,8.882380959551739e-08,1018.7573149204254
995,995,0.01978603013507698,0.020465411133615368,6.168375916970615e-08,1019.8245286941528
996,996,0.019785943076662395,0.020465199137667575,3.947789809194413e-08,1020.8491630554199
997,997,0.019785887602230778,0.020465023205222855,2.2206445525085882e-08,1021.8501501083374
998,998,0.019785848486682644,0.020464883641485708,9.869571931442334e-09,1022.8466770648956
999,999,0.019785839173456898,0.020464781761528498,2.467399070893439e-09,1023.8438081741333
